0,1,1,da
0,2,1,da
0,3,1,da
0,4,3,da
0,5,1,da
3,89,1,da
3,1228,1,da
6,7,1,da
6,8,1,da
6,9,1,da
6,10,1,da
11,12,1,da
11,13,1,da
14,15,3,da
14,16,3,da
14,17,3,da
15,14,1,da
15,15,1,da
15,16,3,da
15,17,4,da
18,19,1,da
18,20,1,da
18,21,1,da
18,22,1,da
18,23,1,da
19,24,1,da
19,25,1,da
20,49,1,da
24,46,2,da
24,8,5,da
24,78,2,da
24,60,1,da
24,63,1,da
24,79,2,da
25,19,3,da
25,269,1,da
25,270,1,da
25,178,1,da
25,271,1,da
25,55,2,da
25,272,1,da
25,273,3,da
25,20,4,da
25,21,2,da
25,274,1,da
25,275,1,da
25,276,1,da
26,27,5,da
26,28,1,da
27,29,1,da
27,30,4,da
27,31,1,da
31,914,1,da
32,27,2,da
32,33,1,da
32,34,1,da
32,35,1,da
34,27,6,da
36,27,10,da
36,37,5,da
36,38,1,da
37,995,1,da
38,324,1,da
38,301,2,da
38,304,1,da
39,40,1,da
39,41,4,da
39,42,1,da
39,43,1,da
39,44,1,da
45,6,1,da
45,46,3,da
45,47,1,da
45,48,1,da
45,49,2,da
45,50,1,da
45,51,2,da
45,52,1,da
45,53,1,da
45,54,1,da
45,55,1,da
45,56,1,da
45,57,1,da
45,58,1,da
47,46,5,da
47,8,1,da
47,59,1,da
47,60,1,da
48,272,1,da
49,61,1,da
50,437,1,da
50,438,1,da
50,66,1,da
53,432,1,da
53,880,1,da
54,79,1,da
54,946,1,da
56,1041,1,da
56,1042,1,da
60,574,1,da
60,575,1,da
61,62,2,da
61,63,1,da
61,64,1,da
61,65,1,da
61,66,1,da
63,274,1,da
65,62,1,da
65,53,1,da
67,39,1,da
67,68,1,da
67,69,1,da
67,70,1,da
67,71,1,da
72,73,1,da
72,74,1,da
72,75,1,da
72,76,1,da
72,77,3,da
74,1229,1,da
80,81,1,da
80,82,1,da
80,83,1,da
80,84,1,da
80,85,1,da
80,86,1,da
80,87,1,da
80,88,1,da
85,6,1,da
85,62,1,da
85,48,1,da
85,53,1,da
85,57,1,da
87,758,1,da
87,1043,1,da
87,1044,1,da
87,1045,2,da
87,1046,1,da
89,90,1,da
89,91,2,da
89,92,1,da
90,93,1,da
91,57,1,da
92,420,1,da
92,1557,1,da
93,528,1,da
93,936,2,da
93,830,1,da
93,268,1,da
93,1039,1,da
93,761,1,da
93,1254,1,da
93,1363,6,da
93,725,1,da
93,1364,1,da
93,1365,3,da
93,945,1,da
93,837,1,da
93,766,1,da
93,1366,1,da
93,511,1,da
94,7,1,da
94,62,1,da
94,9,1,da
94,95,1,da
94,96,1,da
94,86,2,da
94,97,3,da
94,98,2,da
94,99,1,da
99,1825,1,da
100,101,1,da
100,102,1,da
100,103,4,da
100,104,1,da
100,105,2,da
100,106,1,da
100,107,2,da
100,108,1,da
101,109,2,da
101,110,3,da
101,111,1,da
101,112,1,da
101,113,1,da
101,114,1,da
101,115,1,da
101,116,1,da
101,117,1,da
101,118,1,da
101,119,1,da
101,120,1,da
101,121,1,da
101,122,1,da
101,123,1,da
104,753,1,da
104,852,1,da
104,159,1,da
104,853,1,da
106,716,2,da
107,368,2,da
107,109,1,da
107,1243,1,da
107,1284,1,da
107,924,1,da
107,696,1,da
107,1311,1,da
107,595,1,da
107,1466,1,da
107,755,1,da
107,1457,1,da
107,570,1,da
107,122,1,da
107,1467,1,da
108,508,1,da
108,1653,1,da
109,374,1,da
113,1210,1,da
113,826,2,da
113,765,1,da
113,1211,1,da
114,1283,1,da
116,843,1,da
118,164,1,da
120,1106,1,da
122,843,1,da
122,848,1,da
124,7,1,da
124,91,1,da
124,125,1,da
124,95,1,da
124,126,1,da
124,127,1,da
124,86,4,da
125,128,1,da
125,129,1,da
128,126,1,da
129,1043,2,da
129,1164,1,da
129,725,1,da
129,1407,1,da
129,1221,1,da
129,1504,1,da
129,1505,2,da
129,1506,1,da
129,1507,1,da
129,1508,1,da
129,1509,1,da
129,1510,2,da
129,1511,1,da
130,131,1,da
130,132,1,da
130,133,1,da
130,134,1,da
130,135,1,da
130,136,1,da
130,137,1,da
130,138,1,da
130,139,2,da
130,140,1,da
130,141,1,da
130,142,2,da
130,143,1,da
130,144,3,da
130,145,1,da
130,146,1,da
130,147,1,da
130,148,1,da
130,149,1,da
130,150,1,da
130,151,1,da
130,152,1,da
132,130,2,da
132,153,1,da
133,375,1,da
133,671,3,da
133,673,2,da
133,675,1,da
133,676,1,da
133,677,1,da
133,678,2,da
133,679,1,da
133,680,1,da
133,681,1,da
137,748,1,da
138,906,1,da
138,1056,1,da
138,973,1,da
138,145,2,da
142,948,1,da
142,1525,1,da
147,1637,1,da
149,794,1,da
149,1346,1,da
149,1796,1,da
149,1797,1,da
154,131,1,da
154,132,1,da
154,155,1,da
154,156,1,da
154,104,1,da
154,157,1,da
154,158,2,da
154,159,1,da
154,107,2,da
154,160,1,da
154,161,1,da
154,162,1,da
154,163,5,da
154,164,1,da
154,165,1,da
154,166,2,da
154,167,2,da
154,168,1,da
154,169,1,da
154,170,1,da
155,154,1,da
155,171,1,da
155,172,1,da
155,173,2,da
155,174,1,da
155,175,1,da
156,601,1,da
156,682,1,da
156,683,2,da
156,684,1,da
156,685,1,da
156,175,1,da
157,603,1,da
157,972,1,da
158,154,1,da
158,682,4,da
158,717,1,da
158,1217,4,da
158,683,1,da
158,1218,1,da
159,1251,1,da
161,1524,1,da
162,221,1,da
162,684,1,da
165,1201,1,da
168,667,1,da
168,1676,1,da
172,884,1,da
172,255,1,da
172,975,1,da
172,166,1,da
172,568,1,da
176,177,1,da
176,59,1,da
176,178,1,da
176,179,1,da
176,180,1,da
176,181,1,da
176,182,1,da
177,183,1,da
178,432,1,da
178,440,1,da
180,833,2,da
183,942,1,da
183,1080,1,da
184,185,3,da
184,186,2,da
184,187,1,da
184,188,1,da
184,189,1,da
190,131,1,da
190,83,1,da
190,191,1,da
190,192,5,da
190,193,1,da
190,194,1,da
190,195,1,da
190,156,1,da
190,104,3,da
190,105,2,da
190,196,2,da
190,197,2,da
190,198,1,da
190,158,1,da
190,107,1,da
190,199,1,da
190,144,1,da
190,162,2,da
190,200,1,da
190,201,1,da
190,202,1,da
190,203,1,da
190,204,1,da
190,205,2,da
190,108,4,da
190,206,1,da
190,207,1,da
190,208,1,da
190,209,1,da
190,210,1,da
190,211,1,da
192,333,1,da
192,557,3,da
192,558,1,da
192,110,1,da
192,559,1,da
192,560,1,da
192,111,1,da
192,173,1,da
192,561,1,da
192,562,1,da
192,563,1,da
192,564,1,da
192,565,1,da
192,566,1,da
192,567,1,da
192,568,1,da
192,569,2,da
192,570,1,da
193,154,1,da
193,190,1,da
193,194,1,da
193,172,1,da
195,667,1,da
197,580,1,da
197,112,1,da
197,1008,1,da
198,1031,1,da
198,1000,1,da
198,1116,1,da
199,133,1,da
199,520,1,da
199,1395,3,da
199,1396,1,da
199,1521,1,da
200,1598,1,da
203,700,1,da
203,649,1,da
203,716,1,da
203,253,1,da
203,1470,1,da
203,969,3,da
209,718,1,da
210,708,1,da
212,213,1,da
212,214,2,da
212,215,4,da
212,216,1,da
212,217,1,da
212,218,1,da
214,758,1,da
214,793,1,da
214,794,1,da
214,501,1,da
214,795,1,da
214,508,1,da
214,796,1,da
214,797,1,da
214,529,1,da
214,798,2,da
214,799,1,da
214,800,1,da
214,801,1,da
214,802,2,da
214,803,1,da
214,804,1,da
214,805,1,da
214,806,3,da
214,807,1,da
214,808,1,da
214,809,1,da
215,420,1,da
215,599,4,da
215,810,1,da
215,996,1,da
215,1170,1,da
215,1171,1,da
215,1172,1,da
215,93,1,da
215,1173,1,da
215,1174,1,da
215,1165,1,da
215,539,1,da
215,1158,1,da
215,1166,1,da
215,1105,1,da
215,1040,1,da
215,1175,1,da
215,1176,1,da
215,1177,1,da
217,979,1,da
219,80,1,da
219,130,1,da
219,220,1,da
219,221,2,da
219,222,1,da
219,223,1,da
219,224,3,da
219,225,1,da
219,226,1,da
219,227,1,da
219,228,1,da
219,229,1,da
219,230,2,da
224,1461,1,da
229,1594,1,da
231,131,1,da
231,132,1,da
231,221,1,da
231,222,2,da
231,224,1,da
231,232,1,da
231,229,1,da
231,233,1,da
231,234,1,da
231,235,1,da
231,230,1,da
231,236,1,da
231,237,1,da
232,703,1,da
232,1498,1,da
232,1049,1,da
232,1592,1,da
232,1593,1,da
238,239,1,da
239,240,1,da
241,103,1,da
241,91,1,da
241,176,1,da
241,242,1,da
241,243,1,da
241,244,2,da
241,245,2,da
241,246,1,da
241,247,1,da
241,248,1,da
241,249,1,da
241,250,1,da
242,939,1,da
242,940,1,da
243,91,1,da
243,753,1,da
243,976,1,da
243,1367,2,da
243,1368,1,da
243,1369,1,da
244,1195,1,da
245,1370,4,da
249,1623,1,da
249,1663,1,da
251,131,1,da
251,132,1,da
251,155,1,da
251,252,3,da
251,253,1,da
251,254,2,da
251,255,1,da
251,256,2,da
251,257,1,da
251,258,1,da
251,259,1,da
251,260,1,da
251,261,1,da
251,262,1,da
252,263,1,da
253,790,1,da
253,254,1,da
253,791,1,da
253,792,1,da
254,1180,1,da
255,915,1,da
255,143,1,da
255,688,1,da
255,1394,1,da
255,164,1,da
255,689,1,da
255,1395,1,da
255,1396,2,da
255,690,1,da
255,1397,1,da
255,1269,2,da
255,1270,1,da
255,262,1,da
255,691,1,da
255,1398,1,da
255,584,1,da
255,1399,1,da
256,252,1,da
258,514,1,da
258,1474,1,da
259,157,3,da
260,333,1,da
260,1244,1,da
260,159,1,da
260,1395,1,da
260,1396,1,da
263,508,1,da
263,1337,1,da
263,1338,1,da
263,582,1,da
264,264,1,da
264,265,3,da
264,266,3,da
264,267,1,da
265,264,4,da
265,267,1,da
265,268,2,da
266,264,1,da
266,265,1,da
266,267,1,da
272,48,1,da
272,431,1,da
277,278,19,da
277,279,2,da
277,280,22,da
277,281,11,da
277,282,2,da
277,283,5,da
277,284,4,da
277,285,5,da
277,286,1,da
277,287,3,da
277,288,6,da
277,289,17,da
277,290,20,da
277,291,2,da
277,292,17,da
277,293,9,da
277,294,3,da
277,295,5,da
277,296,4,da
277,297,15,da
277,298,10,da
277,299,7,da
277,300,4,da
277,301,2,da
277,302,3,da
277,303,6,da
277,304,1,da
277,305,1,da
277,306,2,da
277,307,3,da
277,308,1,da
277,309,8,da
277,310,1,da
277,311,7,da
277,312,7,da
277,313,1,da
277,314,10,da
277,315,1,da
277,316,19,da
277,317,2,da
277,318,11,da
277,319,1,da
277,320,1,da
277,321,1,da
277,322,1,da
277,216,1,da
277,323,1,da
279,278,1,da
279,324,2,da
279,325,7,da
279,296,7,da
279,326,1,da
279,297,4,da
279,300,5,da
279,301,4,da
279,302,5,da
279,303,3,da
279,304,2,da
279,306,1,da
279,327,1,da
279,328,3,da
279,309,4,da
279,329,2,da
279,311,2,da
279,318,1,da
279,330,1,da
279,331,1,da
279,321,2,da
286,283,2,da
286,287,5,da
286,292,8,da
286,385,1,da
286,387,2,da
286,389,1,da
286,310,1,da
286,396,3,da
286,397,1,da
286,481,1,da
286,485,1,da
286,400,1,da
286,482,4,da
288,418,1,da
288,214,1,da
288,496,1,da
288,497,1,da
288,498,1,da
288,499,1,da
288,500,1,da
288,501,1,da
288,502,1,da
288,503,1,da
288,504,1,da
288,505,1,da
288,506,2,da
288,507,2,da
288,508,1,da
288,509,1,da
288,510,1,da
288,511,1,da
301,278,1,da
304,279,3,da
304,303,1,da
304,390,2,da
304,553,2,da
319,310,1,da
320,395,1,da
324,278,1,da
324,279,3,da
324,282,1,da
324,407,1,da
324,325,3,da
324,296,4,da
324,326,8,da
324,297,4,da
324,298,1,da
324,299,3,da
324,300,4,da
324,301,2,da
324,302,2,da
324,305,1,da
324,307,1,da
324,309,2,da
324,312,3,da
324,408,1,da
324,214,1,da
324,331,2,da
324,321,1,da
327,279,1,da
327,407,2,da
327,390,4,da
327,312,1,da
327,214,3,da
327,394,1,da
327,330,1,da
327,331,1,da
327,661,1,da
327,662,1,da
332,100,1,da
332,154,5,da
332,333,7,da
332,334,1,da
332,335,1,da
332,336,1,da
332,337,3,da
332,172,2,da
332,338,5,da
332,339,1,da
332,340,2,da
332,341,3,da
332,342,1,da
332,343,2,da
332,344,1,da
332,345,1,da
335,687,1,da
335,138,2,da
335,139,2,da
335,140,1,da
335,161,2,da
335,145,1,da
335,688,1,da
335,689,1,da
335,690,1,da
335,166,1,da
335,168,1,da
335,691,1,da
336,95,1,da
336,610,1,da
336,692,1,da
336,519,1,da
336,693,2,da
336,563,2,da
336,694,1,da
336,112,1,da
336,113,1,da
336,695,1,da
336,696,1,da
336,697,1,da
336,698,1,da
338,332,1,da
338,192,2,da
338,198,1,da
338,1009,1,da
338,1010,1,da
340,1277,1,da
340,1278,1,da
340,1279,1,da
340,1280,1,da
342,131,1,da
346,81,1,da
346,347,1,da
346,348,1,da
346,349,1,da
347,350,1,da
348,351,1,da
348,352,1,da
348,353,1,da
348,354,1,da
349,1431,1,da
349,1283,1,da
349,1773,1,da
349,1774,1,da
355,356,1,da
355,270,1,da
355,54,5,da
355,357,1,da
355,358,2,da
355,359,1,da
355,360,1,da
355,361,1,da
355,21,1,da
355,362,1,da
359,177,1,da
359,434,1,da
359,1203,1,da
359,88,1,da
363,364,1,da
363,365,1,da
363,366,1,da
363,367,1,da
363,368,1,da
363,109,1,da
364,369,1,da
364,370,1,da
365,371,1,da
366,372,1,da
368,373,1,da
371,1767,1,da
373,1287,1,da
375,72,1,da
375,376,1,da
375,377,1,da
375,378,1,da
375,379,1,da
380,278,13,da
380,280,19,da
380,281,5,da
380,381,1,da
380,283,1,da
380,284,3,da
380,285,3,da
380,382,3,da
380,383,1,da
380,288,2,da
380,289,6,da
380,290,19,da
380,291,12,da
380,384,1,da
380,292,2,da
380,385,1,da
380,293,6,da
380,386,7,da
380,387,3,da
380,388,6,da
380,294,9,da
380,295,5,da
380,389,2,da
380,325,2,da
380,296,1,da
380,297,2,da
380,298,9,da
380,299,4,da
380,300,1,da
380,301,1,da
380,303,2,da
380,305,7,da
380,306,5,da
380,390,3,da
380,310,1,da
380,329,7,da
380,311,1,da
380,312,5,da
380,313,1,da
380,391,2,da
380,314,4,da
380,392,1,da
380,393,1,da
380,315,1,da
380,214,2,da
380,394,1,da
380,395,1,da
380,316,13,da
380,317,1,da
380,396,2,da
380,397,6,da
380,398,1,da
380,318,8,da
380,399,1,da
380,330,1,da
380,331,3,da
380,400,1,da
380,401,1,da
380,322,1,da
380,402,1,da
380,403,1,da
380,404,1,da
382,33,1,da
382,278,1,da
382,279,3,da
382,282,2,da
382,324,2,da
382,325,1,da
382,299,2,da
382,301,3,da
382,390,3,da
382,408,2,da
382,214,2,da
382,394,1,da
382,409,3,da
382,455,1,da
382,491,1,da
382,492,1,da
382,493,1,da
382,494,1,da
384,381,3,da
384,284,2,da
384,285,1,da
384,286,2,da
384,287,2,da
384,383,1,da
384,289,3,da
384,292,4,da
384,293,1,da
384,386,1,da
384,387,3,da
384,295,1,da
384,310,1,da
384,396,4,da
384,397,2,da
384,480,1,da
384,319,1,da
384,400,1,da
384,482,5,da
385,529,1,da
389,33,1,da
389,286,3,da
389,382,2,da
389,288,1,da
389,289,1,da
389,292,1,da
389,481,1,da
389,319,2,da
389,486,1,da
389,549,2,da
394,286,2,da
394,382,1,da
394,289,1,da
394,308,1,da
394,310,1,da
394,313,2,da
394,480,3,da
394,481,2,da
394,486,2,da
394,549,2,da
394,811,1,da
394,812,1,da
394,813,1,da
394,814,1,da
395,286,1,da
395,549,1,da
398,284,1,da
398,286,1,da
398,384,2,da
398,385,1,da
398,295,1,da
398,310,2,da
398,819,1,da
405,33,1,da
405,278,9,da
405,279,4,da
405,280,3,da
405,406,1,da
405,282,6,da
405,407,2,da
405,324,2,da
405,325,7,da
405,296,7,da
405,326,6,da
405,297,8,da
405,298,4,da
405,299,10,da
405,300,8,da
405,301,5,da
405,302,2,da
405,303,8,da
405,304,1,da
405,305,8,da
405,306,11,da
405,307,5,da
405,327,1,da
405,328,1,da
405,309,13,da
405,329,7,da
405,311,11,da
405,312,4,da
405,408,3,da
405,394,2,da
405,318,10,da
405,409,3,da
405,330,1,da
405,331,5,da
405,410,2,da
405,321,8,da
405,411,2,da
405,412,2,da
405,413,1,da
406,214,1,da
407,33,2,da
407,390,1,da
409,301,1,da
409,330,2,da
409,551,2,da
409,661,2,da
414,415,1,da
415,416,1,da
415,417,1,da
418,419,1,da
418,420,1,da
418,421,1,da
418,422,1,da
418,423,1,da
418,424,2,da
420,326,1,da
421,455,1,da
422,465,1,da
425,6,1,da
425,62,1,da
426,7,1,da
426,46,1,da
426,78,1,da
426,427,2,da
426,51,1,da
426,52,1,da
426,428,1,da
428,1326,1,da
428,1327,1,da
428,22,1,da
429,59,1,da
430,27,5,da
430,420,1,da
430,28,1,da
431,62,1,da
431,432,1,da
431,433,1,da
432,62,1,da
432,50,1,da
432,270,1,da
432,354,2,da
432,272,1,da
432,434,1,da
432,433,1,da
432,435,1,da
432,436,1,da
434,61,1,da
434,54,2,da
434,358,1,da
434,1203,2,da
434,359,6,da
434,362,1,da
435,445,1,da
435,1487,1,da
435,274,1,da
437,976,1,da
437,977,3,da
439,440,2,da
439,51,1,da
439,354,1,da
440,51,1,da
440,441,1,da
440,442,1,da
443,128,4,da
443,444,2,da
443,445,1,da
443,351,1,da
443,446,1,da
443,353,1,da
443,447,1,da
443,448,1,da
443,449,1,da
446,986,2,da
446,129,1,da
446,987,1,da
446,454,1,da
446,988,1,da
450,451,1,da
452,127,1,da
452,453,1,da
452,454,3,da
453,721,1,da
453,730,1,da
453,1202,1,da
456,457,1,da
458,126,1,da
458,445,1,da
458,459,1,da
458,437,1,da
458,460,4,da
458,461,1,da
458,462,1,da
458,463,1,da
458,464,1,da
460,458,1,da
460,1095,1,da
460,1108,1,da
460,1286,1,da
460,1112,1,da
460,1287,1,da
460,1288,1,da
460,1289,1,da
460,1290,1,da
460,1283,1,da
461,551,1,da
461,1639,1,da
463,449,1,da
466,467,1,da
468,6,1,da
469,8,1,da
469,426,1,da
469,351,3,da
469,55,1,da
469,354,2,da
469,470,1,da
469,471,1,da
469,472,1,da
469,473,1,da
474,475,1,da
474,476,1,da
474,477,1,da
474,478,1,da
479,33,1,da
479,381,5,da
479,283,7,da
479,284,4,da
479,285,8,da
479,286,3,da
479,382,3,da
479,287,8,da
479,383,2,da
479,289,9,da
479,290,9,da
479,291,4,da
479,292,8,da
479,293,12,da
479,386,6,da
479,387,6,da
479,388,1,da
479,294,3,da
479,295,5,da
479,310,2,da
479,317,3,da
479,396,5,da
479,397,9,da
479,398,1,da
479,480,2,da
479,481,1,da
479,400,6,da
479,482,1,da
479,483,1,da
481,310,2,da
481,319,1,da
481,486,1,da
481,832,1,da
484,381,9,da
484,283,11,da
484,284,6,da
484,285,11,da
484,286,7,da
484,382,4,da
484,287,8,da
484,383,2,da
484,288,2,da
484,289,8,da
484,290,7,da
484,291,7,da
484,384,4,da
484,292,7,da
484,385,2,da
484,293,3,da
484,386,6,da
484,387,8,da
484,388,2,da
484,294,4,da
484,295,6,da
484,389,1,da
484,308,1,da
484,310,3,da
484,313,1,da
484,316,3,da
484,317,4,da
484,396,6,da
484,397,8,da
484,398,1,da
484,480,5,da
484,481,1,da
484,319,1,da
484,485,6,da
484,400,6,da
484,482,6,da
484,486,1,da
484,483,1,da
484,487,1,da
488,33,1,da
488,381,9,da
488,283,9,da
488,284,3,da
488,285,3,da
488,286,1,da
488,382,1,da
488,287,9,da
488,383,3,da
488,288,3,da
488,289,8,da
488,290,7,da
488,291,4,da
488,384,1,da
488,292,6,da
488,293,4,da
488,386,4,da
488,387,7,da
488,388,4,da
488,294,2,da
488,295,4,da
488,389,1,da
488,310,1,da
488,395,1,da
488,316,5,da
488,317,8,da
488,396,7,da
488,397,4,da
488,480,6,da
488,481,2,da
488,319,2,da
488,485,5,da
488,400,3,da
488,482,2,da
488,489,1,da
488,490,1,da
488,483,1,da
495,286,1,da
495,287,1,da
495,395,1,da
496,406,1,da
496,555,1,da
496,214,6,da
497,825,1,da
497,88,1,da
497,826,1,da
498,279,3,da
498,406,1,da
498,286,1,da
498,388,1,da
498,389,2,da
498,324,1,da
498,390,3,da
498,327,2,da
498,395,1,da
498,551,1,da
498,319,1,da
498,556,2,da
501,810,1,da
501,839,1,da
501,1066,1,da
502,1067,1,da
502,898,1,da
503,827,1,da
503,1040,1,da
504,510,1,da
507,1086,1,da
508,835,1,da
508,527,2,da
508,434,1,da
508,359,1,da
508,1094,1,da
508,548,1,da
510,1411,1,da
510,424,1,da
512,407,1,da
512,385,1,da
513,514,1,da
513,515,1,da
513,134,1,da
513,516,1,da
513,135,1,da
513,517,2,da
513,157,1,da
513,518,1,da
513,519,1,da
513,520,1,da
513,521,1,da
515,335,6,da
515,336,3,da
515,686,3,da
515,198,1,da
515,229,1,da
518,33,1,da
518,408,2,da
518,533,1,da
519,1207,1,da
519,1208,1,da
521,796,1,da
521,1113,1,da
522,512,2,da
522,523,4,da
522,524,1,da
522,498,1,da
522,525,1,da
522,526,2,da
522,527,1,da
526,93,1,da
528,512,1,da
530,27,5,da
530,33,1,da
530,531,1,da
530,28,1,da
531,33,1,da
531,279,1,da
531,407,3,da
531,324,2,da
531,214,1,da
532,27,4,da
532,533,1,da
534,27,5,da
535,27,3,da
535,420,1,da
536,27,10,da
536,33,3,da
536,533,1,da
537,27,6,da
537,33,1,da
537,538,2,da
537,35,1,da
537,539,1,da
538,324,1,da
539,324,1,da
540,541,5,da
540,542,1,da
540,543,1,da
540,544,2,da
540,545,1,da
540,546,1,da
547,523,1,da
547,548,1,da
548,457,1,da
548,897,1,da
548,1460,1,da
550,33,3,da
550,278,5,da
550,279,3,da
550,280,2,da
550,282,3,da
550,407,3,da
550,324,2,da
550,325,14,da
550,296,8,da
550,326,10,da
550,297,11,da
550,298,3,da
550,299,10,da
550,300,10,da
550,301,1,da
550,302,8,da
550,303,11,da
550,304,3,da
550,305,13,da
550,306,7,da
550,390,1,da
550,307,4,da
550,327,1,da
550,328,8,da
550,309,11,da
550,329,6,da
550,311,8,da
550,312,7,da
550,394,1,da
550,318,1,da
550,409,2,da
550,330,3,da
550,331,8,da
550,551,1,da
550,410,5,da
550,321,6,da
551,326,1,da
551,413,1,da
552,33,2,da
552,278,7,da
552,279,2,da
552,282,9,da
552,324,1,da
552,325,3,da
552,296,9,da
552,326,5,da
552,297,8,da
552,298,6,da
552,299,12,da
552,300,8,da
552,301,1,da
552,302,10,da
552,303,8,da
552,305,14,da
552,306,5,da
552,390,1,da
552,307,8,da
552,327,1,da
552,328,9,da
552,309,12,da
552,329,5,da
552,311,11,da
552,312,7,da
552,214,3,da
552,318,12,da
552,409,1,da
552,330,1,da
552,331,1,da
552,551,2,da
552,410,1,da
552,321,5,da
552,553,2,da
552,412,1,da
554,33,1,da
554,279,1,da
554,286,1,da
554,555,1,da
554,390,1,da
554,310,1,da
554,330,2,da
554,551,2,da
554,556,1,da
554,553,2,da
556,384,1,da
556,549,1,da
557,571,1,da
557,572,1,da
557,573,1,da
559,27,9,da
559,37,3,da
561,27,6,da
562,131,1,da
562,158,1,da
562,1182,1,da
563,1209,1,da
564,1156,1,da
564,1164,1,da
564,93,1,da
564,1315,1,da
564,1316,1,da
566,83,3,da
566,155,1,da
566,192,1,da
566,197,1,da
566,224,2,da
566,1462,1,da
566,108,1,da
566,170,1,da
566,230,2,da
566,1463,1,da
566,1464,1,da
566,1465,1,da
569,132,1,da
569,83,1,da
569,192,1,da
569,224,2,da
569,225,1,da
569,165,2,da
569,345,1,da
569,1692,1,da
569,1463,1,da
569,237,1,da
571,27,6,da
572,520,1,da
572,883,1,da
573,27,5,da
573,33,1,da
573,827,1,da
575,1704,1,da
576,96,1,da
576,557,1,da
576,577,1,da
576,578,1,da
576,579,1,da
576,580,1,da
576,581,1,da
576,582,1,da
576,583,1,da
576,584,1,da
579,585,1,da
579,493,1,da
580,548,1,da
580,586,1,da
580,587,1,da
581,221,2,da
581,1032,1,da
581,1033,1,da
587,330,1,da
588,576,1,da
588,589,2,da
588,253,1,da
588,590,1,da
588,591,1,da
588,261,2,da
589,135,1,da
589,592,1,da
589,593,1,da
589,107,1,da
589,594,2,da
589,595,1,da
589,596,1,da
589,597,1,da
589,568,1,da
591,252,2,da
591,363,1,da
591,254,1,da
591,1474,1,da
591,1338,1,da
591,167,1,da
591,262,2,da
591,971,1,da
594,518,1,da
594,667,1,da
594,736,1,da
596,758,1,da
596,796,1,da
596,1603,1,da
598,599,1,da
598,600,1,da
601,602,4,da
601,603,4,da
601,604,1,da
601,195,3,da
601,605,2,da
601,606,1,da
601,29,1,da
601,607,2,da
601,608,1,da
601,609,1,da
602,536,1,da
602,610,1,da
602,611,1,da
603,611,1,da
603,612,1,da
604,534,1,da
604,601,1,da
604,602,1,da
604,603,1,da
604,647,1,da
604,195,1,da
604,648,2,da
604,663,3,da
604,650,1,da
604,664,1,da
604,665,1,da
604,157,2,da
604,606,1,da
604,518,2,da
604,666,2,da
607,725,1,da
608,27,5,da
608,535,1,da
609,668,5,da
610,220,1,da
610,222,1,da
610,153,1,da
611,131,1,da
612,668,5,da
613,614,1,da
613,615,1,da
613,616,2,da
613,617,2,da
613,618,1,da
613,619,1,da
613,620,1,da
613,621,3,da
613,622,1,da
613,623,1,da
617,219,1,da
617,682,2,da
617,1614,1,da
617,1272,5,da
617,1615,1,da
617,1616,1,da
617,1617,1,da
617,1618,1,da
618,1616,1,da
618,1619,1,da
618,1620,1,da
618,1621,1,da
619,1635,2,da
619,1636,1,da
623,749,1,da
624,625,1,da
624,626,2,da
624,627,2,da
624,628,3,da
624,262,1,da
624,629,1,da
626,630,1,da
631,288,14,da
631,395,1,da
631,320,2,da
632,633,1,da
634,36,1,da
634,601,1,da
634,635,1,da
634,636,1,da
634,34,1,da
634,637,1,da
634,638,1,da
634,639,2,da
634,640,2,da
634,29,1,da
634,641,1,da
634,30,2,da
634,642,1,da
634,119,1,da
634,612,1,da
634,643,1,da
634,644,1,da
634,645,1,da
634,207,1,da
636,171,1,da
636,646,1,da
637,668,2,da
638,668,2,da
639,787,1,da
640,563,1,da
641,668,8,da
642,668,5,da
642,821,1,da
643,668,9,da
644,668,2,da
644,1120,1,da
646,27,2,da
646,408,1,da
646,531,1,da
647,32,1,da
647,333,2,da
647,602,4,da
647,603,1,da
647,636,1,da
647,195,5,da
647,648,2,da
647,637,1,da
647,605,3,da
647,649,3,da
647,650,1,da
647,651,1,da
647,518,1,da
647,652,1,da
647,653,1,da
650,740,1,da
654,33,1,da
654,382,1,da
654,556,1,da
655,656,1,da
655,657,2,da
655,226,1,da
655,227,3,da
655,658,1,da
655,153,1,da
655,229,1,da
655,659,1,da
655,660,1,da
657,601,1,da
657,1239,1,da
657,1240,1,da
657,234,1,da
659,220,1,da
659,1530,1,da
663,738,1,da
663,739,1,da
665,602,1,da
665,603,1,da
665,195,1,da
665,648,1,da
665,650,1,da
665,664,1,da
665,157,1,da
666,495,1,da
666,668,7,da
668,573,1,da
668,771,1,da
668,772,1,da
668,773,1,da
668,645,2,da
669,279,1,da
669,324,1,da
670,671,1,da
670,672,1,da
670,673,6,da
671,674,1,da
672,85,1,da
672,127,1,da
672,907,1,da
672,908,1,da
672,909,1,da
672,242,1,da
672,910,1,da
672,911,1,da
672,369,1,da
672,912,2,da
672,244,1,da
672,913,1,da
675,1031,1,da
679,625,1,da
686,514,1,da
686,134,2,da
686,138,1,da
686,688,1,da
686,699,1,da
692,663,1,da
692,906,2,da
692,1181,1,da
692,144,1,da
695,579,1,da
695,453,1,da
695,1213,1,da
695,121,1,da
695,1214,1,da
695,1215,1,da
700,559,1,da
700,701,1,da
700,610,1,da
700,561,1,da
701,27,10,da
701,33,1,da
701,408,1,da
702,239,2,da
702,703,1,da
702,106,1,da
702,704,2,da
702,705,2,da
702,706,3,da
702,707,4,da
702,708,1,da
702,709,1,da
702,710,1,da
702,711,1,da
702,712,1,da
702,713,1,da
702,714,1,da
709,1768,1,da
715,84,1,da
715,154,1,da
715,191,2,da
715,333,1,da
715,334,1,da
715,414,5,da
715,513,2,da
715,588,1,da
715,599,1,da
715,337,3,da
715,716,1,da
715,172,2,da
715,717,2,da
715,196,1,da
715,718,2,da
715,719,2,da
715,720,2,da
715,338,2,da
715,721,1,da
715,722,2,da
715,651,1,da
715,723,1,da
715,724,4,da
715,725,1,da
715,258,1,da
715,199,1,da
715,726,2,da
715,727,1,da
715,728,1,da
715,144,1,da
715,729,3,da
715,730,1,da
715,731,1,da
715,732,1,da
715,698,1,da
715,733,1,da
715,734,1,da
715,735,1,da
715,736,1,da
715,737,1,da
716,757,1,da
717,288,1,da
717,998,1,da
717,999,1,da
717,1000,1,da
721,415,2,da
721,467,1,da
721,98,1,da
721,606,1,da
721,1011,1,da
721,1012,1,da
721,1013,1,da
724,657,1,da
724,226,1,da
724,153,1,da
724,659,1,da
724,209,1,da
724,1252,1,da
724,230,1,da
724,1253,2,da
725,553,1,da
729,576,2,da
729,253,1,da
729,1429,1,da
730,782,1,da
732,975,1,da
732,147,1,da
732,1466,1,da
732,1638,1,da
733,1324,2,da
733,222,3,da
733,224,1,da
733,226,1,da
733,228,1,da
733,1529,1,da
733,153,1,da
733,1531,1,da
733,1532,1,da
735,722,1,da
737,1419,1,da
737,1828,1,da
738,304,1,da
741,742,1,da
741,684,1,da
741,224,1,da
741,743,1,da
741,744,1,da
741,745,1,da
746,154,2,da
746,191,1,da
746,616,1,da
746,747,1,da
746,748,1,da
746,749,1,da
746,750,1,da
751,95,1,da
751,610,4,da
751,716,1,da
751,560,1,da
751,752,2,da
751,111,1,da
751,753,1,da
751,693,1,da
751,563,1,da
751,114,1,da
751,345,1,da
751,698,1,da
751,754,1,da
751,120,1,da
751,755,1,da
751,756,1,da
753,924,2,da
753,925,1,da
758,650,1,da
758,664,7,da
758,759,1,da
758,760,4,da
758,761,1,da
758,762,1,da
758,763,2,da
758,764,2,da
758,644,1,da
758,765,2,da
758,766,2,da
758,743,2,da
758,767,1,da
758,768,2,da
758,769,1,da
758,770,1,da
759,668,2,da
759,774,1,da
761,288,1,da
762,288,1,da
762,961,1,da
764,288,1,da
768,1012,1,da
768,1717,1,da
771,668,2,da
771,789,1,da
775,668,5,da
775,774,2,da
775,776,1,da
775,777,1,da
775,778,1,da
776,284,2,da
776,310,2,da
777,384,1,da
778,286,3,da
778,400,1,da
779,668,4,da
779,780,2,da
779,781,1,da
780,288,1,da
780,384,1,da
781,389,1,da
781,482,1,da
782,495,1,da
782,668,5,da
782,776,1,da
782,777,1,da
783,668,3,da
783,784,1,da
783,785,1,da
785,286,1,da
785,382,1,da
786,668,1,da
786,639,1,da
786,787,1,da
787,398,1,da
788,408,1,da
788,668,6,da
788,789,1,da
789,293,1,da
789,310,2,da
791,906,1,da
791,1250,1,da
791,968,1,da
792,1297,1,da
793,19,1,da
793,264,1,da
793,835,1,da
793,836,4,da
793,837,1,da
794,396,1,da
794,398,1,da
794,481,1,da
794,840,1,da
796,599,3,da
796,87,1,da
796,1156,3,da
796,1029,1,da
797,990,1,da
797,1238,1,da
797,1109,1,da
801,1241,1,da
802,1258,1,da
802,1060,1,da
810,33,2,da
810,301,1,da
810,390,1,da
810,394,1,da
815,27,3,da
815,810,1,da
816,27,7,da
816,33,2,da
816,810,1,da
816,37,3,da
817,288,1,da
818,288,1,da
818,408,1,da
818,396,1,da
820,668,3,da
820,821,1,da
821,668,6,da
822,497,1,da
822,823,1,da
822,824,1,da
823,834,1,da
823,454,1,da
825,1040,2,da
826,33,1,da
827,33,1,da
827,324,2,da
827,301,1,da
827,409,1,da
828,408,2,da
828,829,1,da
828,830,1,da
828,831,2,da
830,943,1,da
830,990,2,da
830,991,2,da
833,1486,1,da
833,1487,1,da
833,472,1,da
833,1488,1,da
835,385,1,da
835,556,1,da
835,838,1,da
836,18,1,da
836,19,6,da
836,20,1,da
836,66,1,da
836,274,1,da
836,22,1,da
839,324,1,da
839,301,2,da
841,526,1,da
841,842,1,da
841,843,1,da
842,526,1,da
842,845,1,da
842,846,1,da
842,847,1,da
842,848,1,da
844,284,1,da
845,599,1,da
845,525,2,da
845,526,3,da
845,842,5,da
845,845,1,da
845,849,2,da
845,846,5,da
845,850,3,da
845,847,1,da
845,851,1,da
846,527,1,da
846,848,1,da
846,1103,1,da
846,1104,1,da
848,503,1,da
850,1105,1,da
854,86,4,da
854,97,1,da
854,855,1,da
854,856,1,da
856,1693,1,da
857,52,2,da
857,858,1,da
859,221,1,da
859,860,2,da
859,861,1,da
859,242,1,da
859,428,1,da
859,244,1,da
859,862,1,da
859,863,1,da
859,864,1,da
859,865,1,da
859,866,1,da
859,867,1,da
859,868,1,da
859,869,1,da
859,744,1,da
864,1179,1,da
868,1147,1,da
868,1715,1,da
869,1213,1,da
870,871,1,da
870,872,1,da
870,824,1,da
870,873,1,da
874,875,1,da
874,876,2,da
874,877,1,da
874,878,1,da
876,428,1,da
878,1611,1,da
879,53,1,da
881,882,1,da
883,541,1,da
884,32,1,da
884,663,1,da
884,786,1,da
884,572,1,da
884,885,1,da
884,886,2,da
884,887,1,da
884,640,1,da
884,606,1,da
884,888,2,da
884,666,1,da
884,607,1,da
884,889,1,da
884,890,1,da
884,30,1,da
884,891,1,da
884,608,1,da
884,892,1,da
884,893,1,da
884,894,1,da
884,895,1,da
885,668,2,da
885,639,1,da
885,947,1,da
886,973,1,da
886,974,1,da
887,777,1,da
888,27,3,da
888,33,2,da
888,408,1,da
888,531,1,da
889,668,7,da
889,778,1,da
889,789,1,da
889,1120,1,da
890,637,1,da
890,668,1,da
890,926,1,da
890,962,1,da
890,1121,1,da
890,1122,1,da
891,27,11,da
891,37,7,da
892,668,4,da
892,789,1,da
896,897,1,da
896,423,1,da
897,872,1,da
897,574,2,da
897,898,1,da
897,899,1,da
897,900,1,da
901,286,1,da
901,288,1,da
901,319,5,da
901,902,1,da
903,682,1,da
904,905,1,da
906,554,1,da
906,668,7,da
906,777,2,da
907,914,1,da
908,508,2,da
908,88,1,da
908,938,1,da
914,330,1,da
915,367,1,da
915,171,1,da
915,916,1,da
915,753,1,da
915,504,1,da
915,791,1,da
915,917,1,da
915,918,1,da
915,919,1,da
915,920,1,da
915,921,2,da
915,922,1,da
915,923,1,da
917,95,2,da
917,670,3,da
917,335,1,da
917,716,2,da
917,113,1,da
917,1008,1,da
917,975,1,da
917,1470,1,da
917,969,1,da
917,1301,1,da
917,591,1,da
917,210,1,da
920,366,1,da
920,584,1,da
921,843,1,da
921,1432,1,da
922,1698,1,da
924,131,1,da
924,252,2,da
924,254,1,da
924,158,1,da
924,1244,1,da
924,1294,3,da
924,1295,1,da
924,1182,1,da
924,1296,1,da
924,1297,1,da
924,1298,1,da
924,582,1,da
924,1299,1,da
924,1300,1,da
924,1301,1,da
924,1122,1,da
924,1302,1,da
924,1303,1,da
924,923,2,da
924,1304,1,da
925,1514,1,da
926,481,2,da
927,288,1,da
928,929,1,da
930,288,1,da
930,931,1,da
930,932,2,da
930,933,1,da
930,206,1,da
930,934,1,da
932,785,1,da
932,762,1,da
932,1019,1,da
932,1079,4,da
932,1206,2,da
932,1081,1,da
933,761,1,da
933,1391,1,da
935,388,2,da
935,485,1,da
936,288,1,da
936,489,2,da
936,937,1,da
941,46,1,da
942,943,1,da
942,944,1,da
943,554,1,da
943,945,1,da
945,1407,1,da
947,668,2,da
948,33,1,da
948,668,4,da
948,639,1,da
949,950,2,da
949,855,3,da
949,951,4,da
949,872,2,da
952,439,1,da
952,872,1,da
952,953,1,da
952,873,1,da
954,395,1,da
954,401,2,da
954,955,1,da
956,288,1,da
957,956,7,da
957,320,7,da
957,958,2,da
958,1293,1,da
959,288,2,da
959,310,1,da
959,819,1,da
960,288,1,da
960,395,4,da
960,489,2,da
960,937,5,da
960,961,1,da
962,319,1,da
962,486,1,da
962,549,1,da
963,364,3,da
963,365,1,da
963,367,2,da
963,96,1,da
963,964,1,da
963,254,1,da
963,965,1,da
963,966,2,da
963,967,1,da
963,968,1,da
963,969,1,da
963,921,3,da
963,970,1,da
963,971,1,da
967,1297,1,da
968,1512,1,da
969,1267,1,da
970,1109,1,da
970,1287,1,da
972,1548,1,da
973,668,4,da
975,782,1,da
975,786,1,da
975,198,1,da
975,666,1,da
975,821,1,da
975,641,1,da
975,1131,3,da
975,1133,3,da
975,1242,1,da
975,1421,1,da
975,687,3,da
975,1182,2,da
975,1422,2,da
976,978,1,da
976,825,1,da
976,979,1,da
976,795,1,da
976,980,1,da
976,129,1,da
976,981,1,da
976,982,1,da
976,983,1,da
976,984,1,da
976,985,1,da
978,309,1,da
980,664,1,da
983,978,1,da
987,16,1,da
987,586,1,da
989,27,6,da
990,943,1,da
990,830,1,da
990,992,1,da
990,993,1,da
990,994,1,da
996,297,1,da
996,553,1,da
997,752,1,da
999,1000,11,da
999,1652,2,da
1001,715,9,da
1001,1001,1,da
1001,226,1,da
1001,1002,3,da
1001,206,1,da
1001,659,1,da
1001,1003,1,da
1001,1004,1,da
1001,209,1,da
1001,1005,1,da
1001,1006,1,da
1007,192,1,da
1007,715,1,da
1007,886,1,da
1007,197,1,da
1007,198,1,da
1008,368,1,da
1008,558,2,da
1008,115,1,da
1008,1284,1,da
1008,564,1,da
1008,791,1,da
1011,27,4,da
1011,33,1,da
1011,37,1,da
1012,1095,1,da
1012,1096,1,da
1012,1067,1,da
1012,772,1,da
1012,1097,1,da
1012,986,1,da
1012,865,1,da
1012,139,1,da
1012,1098,1,da
1012,1099,2,da
1012,1100,1,da
1014,579,1,da
1014,670,1,da
1014,649,1,da
1014,111,1,da
1014,753,1,da
1014,852,1,da
1014,563,5,da
1014,112,2,da
1014,113,1,da
1014,1015,1,da
1014,1016,1,da
1017,554,1,da
1017,664,3,da
1017,817,2,da
1017,785,1,da
1017,835,1,da
1017,1018,1,da
1017,761,1,da
1017,1019,2,da
1017,529,1,da
1017,945,1,da
1017,1020,1,da
1017,1021,3,da
1017,1022,1,da
1018,284,1,da
1018,384,2,da
1018,310,1,da
1019,406,3,da
1019,407,5,da
1019,214,5,da
1019,551,2,da
1019,531,1,da
1019,553,1,da
1019,1066,1,da
1020,33,2,da
1023,15,2,da
1023,16,1,da
1024,27,6,da
1024,37,1,da
1024,533,1,da
1025,27,6,da
1025,37,1,da
1026,27,5,da
1027,27,10,da
1027,33,1,da
1027,669,1,da
1027,38,1,da
1028,27,2,da
1028,1029,1,da
1029,33,1,da
1030,27,9,da
1030,33,1,da
1030,989,1,da
1030,531,1,da
1034,334,1,da
1035,976,1,da
1035,1017,1,da
1035,271,3,da
1035,880,1,da
1035,1036,2,da
1035,1037,1,da
1036,245,1,da
1036,1100,1,da
1036,1705,1,da
1037,66,1,da
1037,1706,1,da
1037,1707,1,da
1037,1708,1,da
1038,382,1,da
1038,319,1,da
1039,524,2,da
1039,499,1,da
1039,825,2,da
1039,500,1,da
1039,979,1,da
1039,795,2,da
1039,983,1,da
1041,62,1,da
1047,440,2,da
1047,55,1,da
1047,65,1,da
1048,1035,1,da
1048,1049,1,da
1048,1050,1,da
1048,743,1,da
1048,824,2,da
1048,1051,1,da
1049,1171,1,da
1052,668,1,da
1052,785,1,da
1052,787,1,da
1052,1053,1,da
1053,668,3,da
1054,668,5,da
1054,777,1,da
1055,252,2,da
1055,375,1,da
1055,670,1,da
1055,1056,1,da
1055,254,8,da
1055,969,1,da
1055,240,1,da
1055,145,1,da
1055,1057,2,da
1055,792,1,da
1055,1058,1,da
1056,1059,1,da
1056,1060,1,da
1061,1062,1,da
1061,1063,2,da
1062,467,1,da
1062,1064,1,da
1062,1065,1,da
1064,1541,1,da
1064,1543,1,da
1068,333,1,da
1068,430,1,da
1068,649,1,da
1068,1069,2,da
1068,1070,1,da
1068,29,1,da
1068,607,1,da
1068,1071,1,da
1068,1072,1,da
1068,1073,3,da
1068,972,1,da
1068,1074,1,da
1070,134,1,da
1071,27,4,da
1072,27,9,da
1072,37,2,da
1075,27,1,da
1076,27,7,da
1076,538,2,da
1076,38,1,da
1077,481,1,da
1078,266,1,da
1078,663,1,da
1078,650,1,da
1078,664,9,da
1078,817,1,da
1078,794,1,da
1078,760,1,da
1078,503,1,da
1078,761,2,da
1078,1019,1,da
1078,1079,1,da
1078,1080,3,da
1078,1081,4,da
1078,1082,1,da
1078,1083,1,da
1079,664,1,da
1079,136,1,da
1084,668,3,da
1084,1054,1,da
1085,668,9,da
1085,962,1,da
1087,266,1,da
1087,844,1,da
1087,760,1,da
1087,1039,2,da
1087,1088,1,da
1087,1089,1,da
1087,129,1,da
1088,664,2,da
1088,503,1,da
1088,795,1,da
1088,761,1,da
1088,806,1,da
1088,1205,1,da
1088,374,1,da
1088,1206,3,da
1088,1022,1,da
1088,1179,2,da
1090,27,3,da
1090,33,1,da
1090,554,1,da
1090,498,1,da
1091,27,5,da
1091,408,1,da
1092,27,4,da
1092,420,1,da
1093,27,10,da
1093,827,1,da
1093,531,2,da
1094,1323,1,da
1095,781,2,da
1095,1089,2,da
1096,248,1,da
1096,1101,1,da
1102,1012,1,da
1105,1162,1,da
1106,1095,1,da
1106,1107,1,da
1106,1108,1,da
1106,1109,1,da
1106,1110,1,da
1106,1111,1,da
1106,1112,1,da
1106,1113,1,da
1106,1114,1,da
1106,1115,1,da
1111,528,1,da
1111,829,1,da
1111,1390,2,da
1111,1364,1,da
1111,1365,1,da
1111,766,2,da
1111,1391,1,da
1111,1392,1,da
1112,125,1,da
1112,941,1,da
1112,501,2,da
1112,806,1,da
1112,848,1,da
1112,245,1,da
1112,248,2,da
1112,1430,1,da
1112,1431,1,da
1112,1432,1,da
1112,1433,3,da
1112,462,1,da
1112,1434,1,da
1115,902,1,da
1117,715,2,da
1117,1118,1,da
1117,1119,1,da
1121,662,1,da
1122,668,3,da
1123,27,3,da
1124,27,6,da
1124,35,1,da
1125,27,4,da
1126,668,6,da
1126,1127,1,da
1128,668,6,da
1129,668,9,da
1129,789,1,da
1129,821,1,da
1130,668,4,da
1130,1126,1,da
1131,1132,1,da
1131,1133,4,da
1131,1111,2,da
1131,161,2,da
1131,142,1,da
1131,164,1,da
1131,146,1,da
1131,1134,1,da
1131,923,1,da
1132,722,1,da
1135,27,5,da
1135,531,1,da
1135,1092,1,da
1135,1029,1,da
1136,27,5,da
1137,27,4,da
1137,669,2,da
1137,531,1,da
1138,497,2,da
1138,1139,1,da
1138,1140,1,da
1138,1141,1,da
1138,1142,1,da
1138,1143,1,da
1138,1144,1,da
1138,1145,1,da
1138,1146,1,da
1138,1147,2,da
1138,1148,1,da
1138,1149,1,da
1138,1150,1,da
1138,1151,1,da
1138,1152,1,da
1138,1153,1,da
1138,1154,1,da
1138,1155,1,da
1140,1224,4,da
1140,1225,6,da
1140,1226,1,da
1140,1227,1,da
1141,1186,1,da
1141,1346,1,da
1141,1439,1,da
1141,1383,2,da
1141,1440,1,da
1141,1441,1,da
1143,1504,1,da
1143,1491,1,da
1143,1492,1,da
1147,619,1,da
1150,1759,1,da
1156,599,1,da
1156,214,1,da
1156,87,4,da
1156,1102,3,da
1156,834,1,da
1156,1157,1,da
1156,215,1,da
1156,1158,2,da
1156,1159,1,da
1156,1040,1,da
1156,1160,1,da
1156,765,1,da
1156,1161,1,da
1156,1162,1,da
1156,1163,1,da
1157,390,2,da
1157,1169,1,da
1158,217,1,da
1159,1610,1,da
1162,1040,1,da
1162,1066,1,da
1163,1602,1,da
1163,1162,1,da
1163,183,1,da
1164,599,2,da
1164,834,1,da
1164,1121,1,da
1164,93,1,da
1164,1165,1,da
1164,1166,1,da
1164,1066,2,da
1164,1162,1,da
1164,1167,1,da
1164,1168,1,da
1166,1307,1,da
1166,1334,1,da
1170,978,1,da
1170,1170,1,da
1170,806,1,da
1170,374,1,da
1170,539,1,da
1170,1178,1,da
1170,1166,1,da
1170,1105,1,da
1170,1179,1,da
1170,757,1,da
1170,1162,1,da
1170,463,1,da
1172,281,1,da
1172,301,1,da
1172,214,9,da
1172,1281,1,da
1172,1282,2,da
1172,218,1,da
1173,279,1,da
1173,324,1,da
1173,300,1,da
1174,33,1,da
1174,279,1,da
1174,394,1,da
1180,600,1,da
1181,668,2,da
1181,962,1,da
1181,641,1,da
1181,1340,1,da
1181,1127,1,da
1183,555,1,da
1183,214,1,da
1183,1171,1,da
1183,826,1,da
1183,217,1,da
1183,734,1,da
1184,997,1,da
1184,1185,1,da
1184,1186,1,da
1184,1187,1,da
1184,1188,1,da
1184,1189,1,da
1184,1190,1,da
1184,1191,1,da
1184,1192,1,da
1184,1013,1,da
1184,1193,2,da
1184,1194,1,da
1186,874,1,da
1186,1195,1,da
1186,1196,1,da
1186,1197,1,da
1186,1198,1,da
1187,1317,7,da
1187,1193,2,da
1187,1319,1,da
1187,1320,1,da
1188,737,1,da
1190,1604,1,da
1190,705,1,da
1190,1605,1,da
1191,594,1,da
1192,1151,1,da
1195,1295,2,da
1196,107,1,da
1197,569,1,da
1197,1669,1,da
1198,1335,1,da
1199,1200,1,da
1201,127,1,da
1201,453,1,da
1201,454,1,da
1202,1060,1,da
1204,178,1,da
1204,180,1,da
1204,64,1,da
1204,858,1,da
1207,185,1,da
1207,186,1,da
1207,439,1,da
1212,335,7,da
1212,336,3,da
1212,686,3,da
1212,172,1,da
1212,338,1,da
1212,722,1,da
1212,692,1,da
1212,695,1,da
1212,240,1,da
1216,27,6,da
1216,531,3,da
1216,1121,1,da
1219,1220,1,da
1219,802,1,da
1219,1221,1,da
1219,1222,1,da
1220,1223,1,da
1222,743,1,da
1222,1507,1,da
1225,136,1,da
1230,190,7,da
1230,219,2,da
1230,231,1,da
1230,751,1,da
1230,682,1,da
1230,724,1,da
1230,1231,1,da
1230,1232,1,da
1230,1233,1,da
1230,750,1,da
1234,1235,1,da
1234,1236,1,da
1234,1237,1,da
1242,535,1,da
1242,605,2,da
1242,1212,1,da
1242,1243,2,da
1242,1244,1,da
1242,1245,1,da
1242,1246,5,da
1242,1247,1,da
1242,1248,1,da
1242,565,2,da
1242,1249,1,da
1242,1250,1,da
1243,366,1,da
1243,418,1,da
1243,573,1,da
1245,27,2,da
1245,422,3,da
1246,610,1,da
1246,254,1,da
1246,1243,1,da
1246,564,1,da
1246,967,1,da
1246,1298,1,da
1246,1311,1,da
1246,1312,1,da
1246,1313,1,da
1246,121,1,da
1246,1314,1,da
1247,27,6,da
1247,827,1,da
1247,1029,1,da
1250,376,1,da
1250,801,1,da
1250,1008,1,da
1250,1295,1,da
1250,107,2,da
1250,966,2,da
1250,918,2,da
1250,967,1,da
1250,1471,1,da
1250,1472,1,da
1250,160,1,da
1250,1473,1,da
1250,1270,1,da
1250,262,1,da
1250,923,1,da
1251,682,1,da
1252,682,4,da
1252,748,1,da
1252,1223,1,da
1252,1616,1,da
1252,737,2,da
1254,990,1,da
1255,27,5,da
1255,33,1,da
1255,839,1,da
1256,1257,1,da
1259,1199,1,da
1260,6,1,da
1260,355,1,da
1260,467,1,da
1260,369,6,da
1260,87,1,da
1260,57,1,da
1260,806,1,da
1260,441,1,da
1260,1261,1,da
1260,435,3,da
1260,1262,1,da
1260,1263,1,da
1260,1264,1,da
1260,1265,1,da
1260,1266,1,da
1261,419,2,da
1261,554,1,da
1261,599,2,da
1261,810,1,da
1261,827,1,da
1261,829,1,da
1261,498,1,da
1261,978,1,da
1261,28,1,da
1261,1170,1,da
1261,1029,2,da
1261,93,1,da
1261,1400,1,da
1261,1173,1,da
1261,914,2,da
1261,1103,1,da
1261,1343,1,da
1261,539,1,da
1261,1179,1,da
1261,463,1,da
1267,214,2,da
1267,1171,2,da
1267,824,3,da
1268,135,1,da
1268,592,1,da
1268,1008,1,da
1268,1111,1,da
1268,256,1,da
1268,107,1,da
1268,689,1,da
1268,1269,1,da
1268,1270,2,da
1268,597,4,da
1271,154,2,da
1271,747,1,da
1271,751,1,da
1271,905,3,da
1271,717,1,da
1271,720,1,da
1271,340,1,da
1271,748,1,da
1271,618,1,da
1271,1272,1,da
1271,1273,1,da
1271,1274,1,da
1271,1275,1,da
1271,1276,1,da
1276,217,1,da
1285,48,1,da
1285,181,1,da
1285,354,1,da
1285,1199,1,da
1288,795,1,da
1290,1065,1,da
1291,33,1,da
1291,1292,1,da
1293,81,1,da
1293,877,1,da
1297,439,1,da
1297,515,1,da
1297,774,1,da
1297,781,1,da
1297,1109,1,da
1297,1110,1,da
1297,1482,1,da
1297,423,1,da
1297,773,1,da
1297,1306,1,da
1297,1483,1,da
1297,1484,2,da
1297,1485,1,da
1299,1470,1,da
1305,7,1,da
1305,1199,1,da
1305,1306,1,da
1306,1678,1,da
1307,27,5,da
1308,668,10,da
1308,777,1,da
1308,1120,1,da
1309,338,1,da
1309,198,1,da
1310,27,8,da
1310,810,1,da
1310,839,1,da
1311,1105,1,da
1313,374,1,da
1313,757,1,da
1315,103,1,da
1315,1299,1,da
1317,1318,1,da
1321,1185,1,da
1321,1317,1,da
1322,281,1,da
1322,407,1,da
1322,324,1,da
1322,325,1,da
1322,214,1,da
1324,742,1,da
1324,682,1,da
1324,1325,1,da
1324,342,1,da
1328,1329,3,da
1328,1330,1,da
1330,707,1,da
1331,27,5,da
1331,1121,1,da
1332,186,1,da
1332,86,3,da
1332,97,4,da
1332,98,1,da
1332,855,2,da
1332,953,2,da
1332,1333,1,da
1334,27,6,da
1334,408,1,da
1334,827,1,da
1334,533,1,da
1335,554,1,da
1335,498,1,da
1336,27,2,da
1336,33,1,da
1336,498,1,da
1336,1026,1,da
1336,1121,1,da
1336,1029,1,da
1337,598,2,da
1337,648,1,da
1337,133,2,da
1337,198,1,da
1337,692,4,da
1337,1242,1,da
1337,1244,1,da
1337,159,1,da
1337,975,1,da
1337,1421,1,da
1337,593,1,da
1337,1456,1,da
1337,1298,1,da
1337,139,2,da
1337,141,3,da
1337,143,2,da
1337,162,1,da
1337,201,1,da
1337,1395,1,da
1337,148,1,da
1337,1457,1,da
1337,1458,1,da
1338,867,1,da
1338,1480,1,da
1339,77,1,da
1341,27,2,da
1341,996,1,da
1341,31,1,da
1342,27,6,da
1342,554,1,da
1342,37,2,da
1342,1343,1,da
1343,214,1,da
1344,668,3,da
1344,821,2,da
1344,1345,1,da
1344,1127,1,da
1345,668,7,da
1345,776,1,da
1345,1089,1,da
1346,1138,1,da
1346,1347,1,da
1346,1348,2,da
1346,1349,1,da
1346,1350,1,da
1346,1351,1,da
1346,1352,1,da
1346,1353,1,da
1346,1354,1,da
1346,1355,1,da
1350,1597,1,da
1351,1057,1,da
1351,584,1,da
1356,668,7,da
1356,935,1,da
1356,1077,1,da
1356,1120,1,da
1357,703,1,da
1357,704,1,da
1357,1358,1,da
1357,1032,1,da
1357,1359,1,da
1357,745,1,da
1360,27,3,da
1360,533,1,da
1361,467,2,da
1362,27,7,da
1362,422,2,da
1362,37,4,da
1364,267,1,da
1367,247,2,da
1367,575,1,da
1367,1378,1,da
1367,1379,1,da
1367,1380,1,da
1369,1266,1,da
1371,447,1,da
1371,358,1,da
1371,1372,1,da
1371,1373,1,da
1371,441,2,da
1371,1368,1,da
1371,21,1,da
1371,436,1,da
1371,1374,1,da
1371,1375,1,da
1371,1376,1,da
1377,244,1,da
1377,1050,1,da
1381,253,1,da
1381,242,1,da
1381,1186,1,da
1381,1235,1,da
1381,243,1,da
1381,1382,1,da
1381,1383,1,da
1381,591,1,da
1381,1384,1,da
1381,1385,1,da
1381,1386,1,da
1381,1387,1,da
1384,514,1,da
1384,253,1,da
1384,1719,1,da
1385,1489,1,da
1385,1451,1,da
1388,1389,1,da
1390,1393,1,da
1391,1735,1,da
1396,252,1,da
1396,966,1,da
1396,160,1,da
1400,390,1,da
1400,330,1,da
1401,1402,1,da
1401,1403,1,da
1401,1404,1,da
1403,315,1,da
1403,1436,1,da
1404,408,1,da
1405,221,1,da
1405,684,1,da
1405,108,2,da
1405,208,1,da
1405,1032,1,da
1406,668,5,da
1406,778,2,da
1406,789,1,da
1408,1409,1,da
1408,1410,1,da
1411,487,1,da
1411,1412,1,da
1413,1414,1,da
1413,1415,1,da
1415,1231,1,da
1415,749,1,da
1415,1275,1,da
1416,288,1,da
1416,793,2,da
1416,806,3,da
1416,807,1,da
1416,865,1,da
1416,1417,1,da
1416,981,1,da
1416,1114,4,da
1416,1418,1,da
1416,1419,1,da
1417,1309,1,da
1420,523,1,da
1420,524,1,da
1420,525,1,da
1420,848,1,da
1420,93,1,da
1422,645,1,da
1423,1424,1,da
1425,327,1,da
1425,551,3,da
1425,662,1,da
1426,1427,1,da
1426,1428,1,da
1426,1429,1,da
1430,183,1,da
1431,1023,1,da
1435,1402,1,da
1435,1436,1,da
1435,1437,1,da
1435,1438,1,da
1441,1442,1,da
1443,748,1,da
1443,1444,1,da
1443,1445,3,da
1443,1446,1,da
1443,1447,1,da
1448,577,1,da
1448,1196,1,da
1448,1449,1,da
1448,628,1,da
1448,1450,2,da
1448,1451,1,da
1452,1453,1,da
1452,1454,1,da
1455,319,1,da
1458,1079,1,da
1458,1680,1,da
1459,390,2,da
1459,408,1,da
1460,345,1,da
1468,257,1,da
1468,1469,1,da
1470,262,1,da
1472,508,1,da
1475,390,1,da
1475,543,1,da
1475,394,1,da
1475,494,1,da
1475,1476,1,da
1477,668,3,da
1477,785,1,da
1477,820,1,da
1478,668,2,da
1478,759,1,da
1478,926,2,da
1478,1120,1,da
1479,668,3,da
1481,27,8,da
1481,1340,1,da
1484,1798,1,da
1489,802,2,da
1489,1349,2,da
1489,1490,1,da
1489,1222,1,da
1489,1491,2,da
1489,1492,1,da
1489,999,1,da
1489,1493,1,da
1489,1494,1,da
1489,1495,2,da
1489,1496,1,da
1489,1497,1,da
1490,802,1,da
1490,1494,1,da
1498,1349,1,da
1499,27,3,da
1500,288,1,da
1500,631,1,da
1500,1501,1,da
1500,933,1,da
1502,401,1,da
1502,1482,2,da
1502,1165,1,da
1502,1503,1,da
1503,917,1,da
1505,1651,1,da
1506,1679,1,da
1506,946,1,da
1509,1115,3,da
1513,382,1,da
1513,392,1,da
1515,11,1,da
1515,1516,1,da
1515,1517,1,da
1518,668,3,da
1519,127,1,da
1519,1520,1,da
1521,1051,1,da
1522,1523,1,da
1526,1324,2,da
1526,1527,2,da
1526,1528,1,da
1526,1529,4,da
1526,153,3,da
1526,1530,1,da
1526,235,1,da
1526,1531,3,da
1526,1532,2,da
1527,950,1,da
1528,1003,1,da
1528,1533,1,da
1534,1535,1,da
1534,1449,3,da
1534,940,3,da
1534,1536,1,da
1536,364,1,da
1537,1095,1,da
1538,1219,2,da
1538,1220,1,da
1538,1329,3,da
1538,1118,1,da
1538,1539,1,da
1540,1106,1,da
1540,1541,1,da
1541,512,1,da
1541,1542,1,da
1542,1020,1,da
1542,586,1,da
1543,1544,1,da
1545,1188,1,da
1546,1514,1,da
1546,1547,1,da
1547,850,1,da
1549,1550,3,da
1549,1551,1,da
1552,1550,3,da
1552,1553,1,da
1552,619,1,da
1552,1554,2,da
1555,1556,1,da
1556,459,1,da
1556,1432,1,da
1557,897,1,da
1557,353,1,da
1557,1157,1,da
1557,1312,1,da
1557,1165,1,da
1557,1343,1,da
1557,1558,1,da
1558,424,1,da
1559,1560,1,da
1559,1561,1,da
1562,663,1,da
1562,157,1,da
1562,924,1,da
1562,1111,1,da
1562,1482,1,da
1562,1563,2,da
1562,144,3,da
1562,611,1,da
1562,145,3,da
1562,594,1,da
1562,1394,1,da
1562,164,2,da
1562,1122,1,da
1562,146,1,da
1562,597,4,da
1562,167,1,da
1562,1521,1,da
1562,1303,1,da
1564,1184,2,da
1564,1213,1,da
1565,668,7,da
1566,598,1,da
1566,1472,1,da
1566,968,1,da
1567,1568,1,da
1569,668,6,da
1569,784,1,da
1570,668,5,da
1570,787,1,da
1570,781,1,da
1571,253,1,da
1571,719,1,da
1571,1572,1,da
1573,668,2,da
1573,787,1,da
1574,668,3,da
1574,780,1,da
1574,1406,1,da
1575,288,1,da
1575,323,1,da
1575,932,2,da
1575,933,1,da
1575,1004,2,da
1576,219,1,da
1576,742,3,da
1576,682,1,da
1576,173,1,da
1576,1443,1,da
1576,1577,1,da
1576,750,1,da
1576,1578,1,da
1579,554,1,da
1579,668,2,da
1579,777,1,da
1580,390,2,da
1581,668,2,da
1582,1583,1,da
1584,668,5,da
1584,926,1,da
1585,668,4,da
1586,1587,1,da
1588,232,1,da
1588,1589,1,da
1588,1590,2,da
1588,1591,1,da
1595,658,1,da
1595,1530,1,da
1596,1530,1,da
1598,617,1,da
1599,702,1,da
1599,339,1,da
1599,748,1,da
1599,343,3,da
1599,1600,2,da
1599,1601,1,da
1599,1594,1,da
1599,712,2,da
1602,1097,1,da
1602,802,1,da
1602,187,1,da
1602,596,1,da
1605,560,1,da
1605,918,1,da
1606,668,1,da
1606,787,1,da
1606,926,1,da
1606,1120,1,da
1606,644,1,da
1607,668,2,da
1607,1574,1,da
1608,33,1,da
1608,668,4,da
1608,498,1,da
1608,926,1,da
1608,935,1,da
1609,33,1,da
1609,668,3,da
1609,781,1,da
1609,889,1,da
1609,821,1,da
1612,668,1,da
1612,777,1,da
1612,1585,1,da
1613,1059,1,da
1615,1761,1,da
1622,252,1,da
1622,163,1,da
1623,1624,1,da
1623,454,1,da
1625,1017,1,da
1625,1626,1,da
1627,1628,1,da
1629,356,1,da
1629,270,1,da
1629,21,1,da
1629,1630,1,da
1629,1631,1,da
1630,21,1,da
1632,1199,1,da
1632,898,1,da
1633,1186,1,da
1633,1634,1,da
1640,1101,1,da
1640,1641,1,da
1642,18,1,da
1642,19,1,da
1642,181,2,da
1642,55,1,da
1642,1643,1,da
1644,1645,1,da
1646,33,2,da
1646,531,1,da
1646,1340,2,da
1646,1647,1,da
1648,1221,1,da
1648,1504,1,da
1648,1002,1,da
1648,1649,1,da
1648,1490,2,da
1648,1031,1,da
1648,1650,1,da
1648,1505,1,da
1649,656,1,da
1649,1651,1,da
1649,1652,1,da
1651,87,1,da
1651,1694,1,da
1651,1695,1,da
1651,1696,1,da
1651,1697,1,da
1653,933,3,da
1653,1654,1,da
1654,320,1,da
1655,27,1,da
1656,225,1,da
1656,1444,1,da
1656,1657,1,da
1658,618,1,da
1658,1659,1,da
1658,1660,1,da
1658,1661,1,da
1658,1662,1,da
1664,1567,1,da
1665,1432,1,da
1666,214,1,da
1666,330,1,da
1667,1139,1,da
1667,1668,1,da
1669,751,1,da
1670,1189,1,da
1670,1231,1,da
1671,668,1,da
1672,1673,1,da
1672,1393,1,da
1674,668,1,da
1674,784,2,da
1674,781,1,da
1675,1643,1,da
1677,6,3,da
1677,62,1,da
1677,177,4,da
1677,355,1,da
1677,432,1,da
1680,1523,1,da
1681,327,1,da
1681,409,1,da
1682,1186,1,da
1682,748,3,da
1682,1444,1,da
1682,1240,1,da
1682,1445,1,da
1682,1683,2,da
1682,1684,1,da
1682,1685,1,da
1682,745,1,da
1682,175,1,da
1686,1687,1,da
1688,1689,1,da
1690,751,1,da
1690,342,1,da
1690,1232,1,da
1691,668,1,da
1696,529,1,da
1696,463,1,da
1699,829,1,da
1699,1038,1,da
1699,1694,1,da
1700,127,1,da
1700,86,1,da
1700,454,1,da
1701,444,1,da
1701,875,1,da
1701,379,1,da
1701,1702,1,da
1701,1703,2,da
1707,177,1,da
1709,242,1,da
1709,913,1,da
1710,796,1,da
1710,1346,1,da
1710,981,1,da
1710,999,1,da
1711,25,1,da
1711,836,1,da
1712,645,1,da
1712,1713,1,da
1714,757,1,da
1716,1634,1,da
1717,1695,1,da
1718,1201,1,da
1720,1306,1,da
1721,655,1,da
1721,656,3,da
1721,1722,1,da
1721,149,1,da
1721,1723,1,da
1724,130,1,da
1724,655,3,da
1724,1718,1,da
1724,149,1,da
1724,1725,2,da
1724,1726,1,da
1727,1232,1,da
1728,1424,1,da
1729,664,1,da
1730,587,1,da
1731,1653,1,da
1732,654,1,da
1732,1206,1,da
1733,1140,1,da
1733,1734,1,da
1736,1020,1,da
1737,749,1,da
1738,1281,4,da
1738,1282,1,da
1739,154,1,da
1739,190,1,da
1740,742,1,da
1741,1742,1,da
1741,1577,1,da
1743,720,1,da
1743,224,1,da
1743,1530,1,da
1743,200,1,da
1743,731,1,da
1743,1218,1,da
1743,230,1,da
1743,1531,1,da
1743,1744,1,da
1743,1745,1,da
1746,679,1,da
1747,1105,1,da
1748,806,1,da
1749,1557,1,da
1749,1179,1,da
1750,424,1,da
1751,932,1,da
1752,1430,1,da
1753,1680,1,da
1754,1557,1,da
1755,810,1,da
1755,1694,1,da
1756,794,1,da
1757,1758,1,da
1760,81,1,da
1762,1470,1,da
1763,497,1,da
1763,242,1,da
1764,929,1,da
1764,1547,1,da
1765,1138,1,da
1765,1220,5,da
1765,1118,1,da
1765,1507,1,da
1765,1494,1,da
1766,1333,1,da
1768,1153,1,da
1768,1154,1,da
1769,1696,1,da
1769,1175,1,da
1770,1696,1,da
1771,1772,1,da
1775,848,1,da
1775,1542,1,da
1776,1109,1,da
1776,1418,1,da
1777,1068,1,da
1778,834,1,da
1778,1040,1,da
1779,463,1,da
1780,1567,1,da
1781,508,1,da
1781,1782,1,da
1783,1784,1,da
1785,1017,1,da
1785,1114,1,da
1786,1391,2,da
1787,1309,1,da
1788,463,1,da
1789,88,1,da
1790,1077,1,da
1791,453,1,da
1791,1191,1,da
1791,769,1,da
1792,804,1,da
1793,909,1,da
1793,1512,1,da
1794,1512,1,da
1795,601,1,da
1795,1426,1,da
1797,835,1,da
1797,1020,1,da
1799,802,1,da
1800,1112,1,da
1800,1801,1,da
1802,249,1,da
1802,1046,1,da
1803,941,1,da
1803,1096,1,da
1803,1728,1,da
1803,1801,1,da
1803,1804,1,da
1805,824,1,da
1806,1576,1,da
1807,198,1,da
1808,7,1,da
1808,187,1,da
1809,595,1,da
1810,928,1,da
1810,1234,1,da
1810,1811,1,da
1812,760,1,da
1812,1549,1,da
1812,1813,1,da
1814,840,1,da
1815,882,1,da
1815,1816,1,da
1817,1818,1,da
1817,150,1,da
1818,656,1,da
1818,1405,1,da
1819,1005,1,da
1820,1821,1,da
1822,1823,1,da
1824,708,1,da
1826,1174,1,da
1827,38,1,da
1827,548,1,da
1829,504,1,da
1830,1557,1,da
1830,1508,1,da
1831,1654,1,da
1832,186,1,da
1833,1590,1,da
1834,222,1,da
1835,1463,1,da
1835,745,1,da
1835,1836,1,da
1835,1837,1,da
1836,375,1,da
1838,1410,1,da
1838,1384,1,da
1838,1836,1,da
1839,712,1,da
1840,712,1,da
1840,1837,1,da
1841,1668,1,da
1841,1842,1,da
1843,1003,1,da
1843,1841,1,da
1844,1495,1,da
1845,1846,1,da
1847,1710,1,da
1847,1848,1,da
1849,1297,1,da
1849,1850,1,da
1851,626,1,da
1852,261,1,da
1852,1853,1,da
1854,1693,1,da
1855,1551,1,da
1856,1147,1,da
1857,1858,1,da
1857,1859,1,da
1860,376,1,da
1860,1861,1,da
1860,1862,1,da
1863,1864,1,da
1865,1509,1,da
1866,11,1,da
1867,1687,1,da
1868,805,1,da
1869,1141,1,da
1869,1635,1,da
1869,1351,1,da
1869,1548,1,da
1870,261,1,da
1870,1869,1,da
1871,1473,1,da
1872,1231,1,da
1872,175,1,da
1872,1839,1,da
1872,1461,1,da
1873,684,1,da
1874,129,1,da
1875,1876,1,da
1877,762,1,da
1877,140,1,da
1878,1446,1,da
1878,1879,1,da
1880,93,1,da
1881,216,1,da
1882,472,1,da
1883,1004,1,da
1884,1885,1,da
1886,1887,4,da
1888,1889,1,da
1888,1890,1,da
1891,55,2,da
1892,1734,1,da
1893,441,1,da
1893,1894,1,da
1895,1449,1,da
1896,1897,1,da
1898,1486,1,da
1898,1708,1,da
1899,276,1,da
1899,22,1,da
1900,1901,1,da
1902,1687,1,da
1903,206,1,da
1904,22,1,da
1905,1906,1,da
